{"app":["/app-80e85e3c6ab1381edf3b.js"],"component---src-pages-404-js":["/component---src-pages-404-js-1c7cbbc1c2460706d294.js"],"component---src-pages-index-js":["/component---src-pages-index-js-7041731161faf2beeef1.js"],"component---src-pages-page-2-js":["/component---src-pages-page-2-js-11afc233b5132848796b.js"],"component---src-pages-using-typescript-tsx":["/component---src-pages-using-typescript-tsx-a08c9e699913d6cb1a9a.js"],"component---src-templates-author-js":["/component---src-templates-author-js-513fda1c63a37ab4e6f3.js"],"component---src-templates-categories-js":["/component---src-templates-categories-js-2e5c076e734cb529a815.js"],"component---src-templates-post-js":["/component---src-templates-post-js-b495ce7416c2e8f01edd.js"]}