{"errors":[],"warnings":[],"namedChunkGroups":{"app":{"chunks":[13,11,3],"assets":["webpack-runtime-06274c5577af2006ad16.js","webpack-runtime-06274c5577af2006ad16.js.map","framework-f600a0dcdbbe2ab3be17.js","framework-f600a0dcdbbe2ab3be17.js.map","app-80e85e3c6ab1381edf3b.js","app-80e85e3c6ab1381edf3b.js.map"],"children":{},"childAssets":{}},"component---src-pages-404-js":{"chunks":[0,4],"assets":["commons-d0beec0a9663daadf275.js","commons-d0beec0a9663daadf275.js.map","component---src-pages-404-js-1c7cbbc1c2460706d294.js","component---src-pages-404-js-1c7cbbc1c2460706d294.js.map"],"children":{},"childAssets":{}},"component---src-pages-index-js":{"chunks":[12,0,1,5],"assets":["styles.d695f96179e523347f6f.css","styles-24f8f5af0e19035407c6.js","styles-24f8f5af0e19035407c6.js.map","commons-d0beec0a9663daadf275.js","commons-d0beec0a9663daadf275.js.map","f2d77296fc7703fb7647da8f5417912fa4542e81-b07d200067ae8dde01c9.js","f2d77296fc7703fb7647da8f5417912fa4542e81-b07d200067ae8dde01c9.js.map","component---src-pages-index-js-7041731161faf2beeef1.js","component---src-pages-index-js-7041731161faf2beeef1.js.map"],"children":{},"childAssets":{}},"component---src-pages-page-2-js":{"chunks":[0,6],"assets":["commons-d0beec0a9663daadf275.js","commons-d0beec0a9663daadf275.js.map","component---src-pages-page-2-js-11afc233b5132848796b.js","component---src-pages-page-2-js-11afc233b5132848796b.js.map"],"children":{},"childAssets":{}},"component---src-pages-using-typescript-tsx":{"chunks":[0,7],"assets":["commons-d0beec0a9663daadf275.js","commons-d0beec0a9663daadf275.js.map","component---src-pages-using-typescript-tsx-a08c9e699913d6cb1a9a.js","component---src-pages-using-typescript-tsx-a08c9e699913d6cb1a9a.js.map"],"children":{},"childAssets":{}},"component---src-templates-author-js":{"chunks":[0,1,8],"assets":["commons-d0beec0a9663daadf275.js","commons-d0beec0a9663daadf275.js.map","f2d77296fc7703fb7647da8f5417912fa4542e81-b07d200067ae8dde01c9.js","f2d77296fc7703fb7647da8f5417912fa4542e81-b07d200067ae8dde01c9.js.map","component---src-templates-author-js-513fda1c63a37ab4e6f3.js","component---src-templates-author-js-513fda1c63a37ab4e6f3.js.map"],"children":{},"childAssets":{}},"component---src-templates-categories-js":{"chunks":[0,1,2,9],"assets":["commons-d0beec0a9663daadf275.js","commons-d0beec0a9663daadf275.js.map","f2d77296fc7703fb7647da8f5417912fa4542e81-b07d200067ae8dde01c9.js","f2d77296fc7703fb7647da8f5417912fa4542e81-b07d200067ae8dde01c9.js.map","4aaba8e810ee63538d12af7a4f223e18b4c6cd42-cb72ecdfc070092f3bad.js","4aaba8e810ee63538d12af7a4f223e18b4c6cd42-cb72ecdfc070092f3bad.js.map","component---src-templates-categories-js-2e5c076e734cb529a815.js","component---src-templates-categories-js-2e5c076e734cb529a815.js.map"],"children":{},"childAssets":{}},"component---src-templates-post-js":{"chunks":[0,1,2,10],"assets":["commons-d0beec0a9663daadf275.js","commons-d0beec0a9663daadf275.js.map","f2d77296fc7703fb7647da8f5417912fa4542e81-b07d200067ae8dde01c9.js","f2d77296fc7703fb7647da8f5417912fa4542e81-b07d200067ae8dde01c9.js.map","4aaba8e810ee63538d12af7a4f223e18b4c6cd42-cb72ecdfc070092f3bad.js","4aaba8e810ee63538d12af7a4f223e18b4c6cd42-cb72ecdfc070092f3bad.js.map","component---src-templates-post-js-b495ce7416c2e8f01edd.js","component---src-templates-post-js-b495ce7416c2e8f01edd.js.map"],"children":{},"childAssets":{}}},"assetsByChunkName":{"app":["webpack-runtime-06274c5577af2006ad16.js","framework-f600a0dcdbbe2ab3be17.js","app-80e85e3c6ab1381edf3b.js"],"component---src-pages-404-js":["commons-d0beec0a9663daadf275.js","component---src-pages-404-js-1c7cbbc1c2460706d294.js"],"component---src-pages-index-js":["styles.d695f96179e523347f6f.css","styles-24f8f5af0e19035407c6.js","commons-d0beec0a9663daadf275.js","f2d77296fc7703fb7647da8f5417912fa4542e81-b07d200067ae8dde01c9.js","component---src-pages-index-js-7041731161faf2beeef1.js"],"component---src-pages-page-2-js":["commons-d0beec0a9663daadf275.js","component---src-pages-page-2-js-11afc233b5132848796b.js"],"component---src-pages-using-typescript-tsx":["commons-d0beec0a9663daadf275.js","component---src-pages-using-typescript-tsx-a08c9e699913d6cb1a9a.js"],"component---src-templates-author-js":["commons-d0beec0a9663daadf275.js","f2d77296fc7703fb7647da8f5417912fa4542e81-b07d200067ae8dde01c9.js","component---src-templates-author-js-513fda1c63a37ab4e6f3.js"],"component---src-templates-categories-js":["commons-d0beec0a9663daadf275.js","f2d77296fc7703fb7647da8f5417912fa4542e81-b07d200067ae8dde01c9.js","4aaba8e810ee63538d12af7a4f223e18b4c6cd42-cb72ecdfc070092f3bad.js","component---src-templates-categories-js-2e5c076e734cb529a815.js"],"component---src-templates-post-js":["commons-d0beec0a9663daadf275.js","f2d77296fc7703fb7647da8f5417912fa4542e81-b07d200067ae8dde01c9.js","4aaba8e810ee63538d12af7a4f223e18b4c6cd42-cb72ecdfc070092f3bad.js","component---src-templates-post-js-b495ce7416c2e8f01edd.js"]}}