{"data":{"allGhostTag":{"edges":[{"node":{"meta_description":null,"name":"Getting Started","feature_image":null,"id":"Ghost__Tag__5f09705857f70f0dc37d3319","slug":"getting-started"}},{"node":{"meta_description":"This is a data schema stub for Gatsby.js and is not used. It must exist for builds to function","name":"Data schema primary","feature_image":"https://images.unsplash.com/photo-1532630571098-79a3d222b00d?ixlib=rb-0.3.5&q=80&fm=jpg&crop=entropy&cs=tinysrgb&w=1080&fit=max&ixid=eyJhcHBfaWQiOjExNzczfQ&s=a88235003c40468403f936719134519d","id":"Ghost__Tag__a6fd74f5667245d9b678429bc35febbf","slug":"data-schema"}}]}}}