{"data":{"allGhostTag":{"edges":[{"node":{"meta_description":null,"name":"Cosas chidas","feature_image":"https://images.unsplash.com/flagged/photo-1572465213253-31b7e7f634ec?ixlib=rb-1.2.1&q=80&fm=jpg&crop=entropy&cs=tinysrgb&w=2000&fit=max&ixid=eyJhcHBfaWQiOjExNzczfQ","id":"Ghost__Tag__5f0a21f057f70f0dc37d3499","slug":"cosas-chidas"}},{"node":{"meta_description":null,"name":"Getting Started","feature_image":"https://images.unsplash.com/photo-1594323721261-d4905cea3791?ixlib=rb-1.2.1&q=80&fm=jpg&crop=entropy&cs=tinysrgb&w=2000&fit=max&ixid=eyJhcHBfaWQiOjExNzczfQ","id":"Ghost__Tag__5f09705857f70f0dc37d3319","slug":"getting-started"}},{"node":{"meta_description":null,"name":"The Office","feature_image":"https://images.unsplash.com/photo-1483058712412-4245e9b90334?ixlib=rb-1.2.1&q=80&fm=jpg&crop=entropy&cs=tinysrgb&w=2000&fit=max&ixid=eyJhcHBfaWQiOjExNzczfQ","id":"Ghost__Tag__5f0a22a557f70f0dc37d349f","slug":"the-office"}},{"node":{"meta_description":null,"name":"Workaholics","feature_image":"https://images.unsplash.com/photo-1528495612343-9ca9f4a4de28?ixlib=rb-1.2.1&q=80&fm=jpg&crop=entropy&cs=tinysrgb&w=2000&fit=max&ixid=eyJhcHBfaWQiOjExNzczfQ","id":"Ghost__Tag__5f0a225a57f70f0dc37d349d","slug":"workaholics"}}]}}}