{"data":{"allGhostTag":{"edges":[{"node":{"url":"https://ghost.full-stack.world/tag/backend/","slug":"backend","postCount":1,"name":"Backend","meta_title":null,"meta_description":null,"id":"Ghost__Tag__5f0a21f057f70f0dc37d3499","ghostId":"5f0a21f057f70f0dc37d3499","feature_image":"https://ghost.full-stack.world/content/images/2020/08/backend.png","description":"Aquí hay puras cosas que están muy chingonas","children":[]}},{"node":{"url":"https://ghost.full-stack.world/tag/frontend/","slug":"frontend","postCount":6,"name":"Frontend","meta_title":null,"meta_description":null,"id":"Ghost__Tag__5f09705857f70f0dc37d3319","ghostId":"5f09705857f70f0dc37d3319","feature_image":"https://ghost.full-stack.world/content/images/2020/08/frontend.png","description":"This is the new super tag thing that we can use","children":[]}},{"node":{"url":"https://ghost.full-stack.world/tag/marketing/","slug":"marketing","postCount":2,"name":"Marketing","meta_title":null,"meta_description":null,"id":"Ghost__Tag__5f0a225a57f70f0dc37d349d","ghostId":"5f0a225a57f70f0dc37d349d","feature_image":"https://ghost.full-stack.world/content/images/2020/08/marketing.png","description":"This is the new thing that everybody wants right now","children":[]}},{"node":{"url":"https://ghost.full-stack.world/tag/ops/","slug":"ops","postCount":2,"name":"Ops","meta_title":null,"meta_description":null,"id":"Ghost__Tag__5f0a22a557f70f0dc37d349f","ghostId":"5f0a22a557f70f0dc37d349f","feature_image":"https://ghost.full-stack.world/content/images/2020/08/devops.png","description":"We want to know how The Office was changing the world","children":[]}},{"node":{"url":"https://demo.ghost.io/tag/data-schema-tag/","slug":"data-schema","postCount":1,"name":"Data schema primary","meta_title":"Data schema primary","meta_description":"This is a data schema stub for Gatsby.js and is not used. It must exist for builds to function","id":"Ghost__Tag__a6fd74f5667245d9b678429bc35febbf","ghostId":"a6fd74f5667245d9b678429bc35febbf","feature_image":"https://images.unsplash.com/photo-1532630571098-79a3d222b00d?ixlib=rb-0.3.5&q=80&fm=jpg&crop=entropy&cs=tinysrgb&w=1080&fit=max&ixid=eyJhcHBfaWQiOjExNzczfQ&s=a88235003c40468403f936719134519d","description":"This is a data schema stub for Gatsby.js and is not used. It must exist for builds to function","children":[]}}]}}}